Month,"Natural Gas Price, Wellhead","Natural Gas Price, Citygate","Natural Gas Price, Delivered to Consumers, Residential",Percentage of Residential Sector Consumption for Which Price Data Are Available,"Natural Gas Price, Delivered to Consumers, Commercial",Percentage of Commercial Sector Consumption for Which Price Data Are Available,"Natural Gas Price, Delivered to Consumers, Industrial",Percentage of Industrial Sector Consumption for Which Price Data Are Available,Natural Gas Transportation Sector Price,"Natural Gas Price, Electric Power Sector",Percentage of Electric Power Sector Consumption for Which Price Data Are Available
,(Dollars per Thousand Cubic Feet),(Dollars per Thousand Cubic Feet),(Dollars per Thousand Cubic Feet),(Percent),(Dollars per Thousand Cubic Feet),(Percent),(Dollars per Thousand Cubic Feet),(Percent),(Dollars per Thousand Cubic Feet),(Dollars per Thousand Cubic Feet),(Percent)
1976 January,0.54,Not Available,Not Available,Not Available,Not Available,Not Available,Not Available,Not Available,Not Available,Not Available,Not Available
1976 February,0.54,Not Available,Not Available,Not Available,Not Available,Not Available,Not Available,Not Available,Not Available,Not Available,Not Available
1976 March,0.54,Not Available,Not Available,Not Available,Not Available,Not Available,Not Available,Not Available,Not Available,Not Available,Not Available
1976 April,0.55,Not Available,Not Available,Not Available,Not Available,Not Available,Not Available,Not Available,Not Available,Not Available,Not Available
1976 May,0.55,Not Available,1.98,Not Available,1.64,Not Available,1.24,Not Available,Not Available,1.06,Not Available
1976 June,0.58,Not Available,1.98,Not Available,1.64,Not Available,1.24,Not Available,Not Available,1.06,Not Available
1976 July,0.58,Not Available,Not Available,Not Available,Not Available,Not Available,Not Available,Not Available,Not Available,Not Available,Not Available
1976 August,0.6,Not Available,Not Available,Not Available,Not Available,Not Available,Not Available,Not Available,Not Available,Not Available,Not Available
1976 September,0.6,Not Available,Not Available,Not Available,Not Available,Not Available,Not Available,Not Available,Not Available,Not Available,Not Available
1976 October,0.62,Not Available,Not Available,Not Available,Not Available,Not Available,Not Available,Not Available,Not Available,Not Available,Not Available
1976 November,0.63,Not Available,Not Available,Not Available,Not Available,Not Available,Not Available,Not Available,Not Available,Not Available,Not Available
1976 December,0.64,Not Available,Not Available,Not Available,Not Available,Not Available,Not Available,Not Available,Not Available,Not Available,Not Available
1977 January,0.67,Not Available,Not Available,Not Available,Not Available,Not Available,Not Available,Not Available,Not Available,Not Available,Not Available
1977 February,0.71,Not Available,Not Available,Not Available,Not Available,Not Available,Not Available,Not Available,Not Available,Not Available,Not Available
1977 March,0.75,Not Available,Not Available,Not Available,Not Available,Not Available,Not Available,Not Available,Not Available,Not Available,Not Available
1977 April,0.77,Not Available,2.35,Not Available,2.04,Not Available,1.5,Not Available,Not Available,1.32,Not Available
1977 May,0.77,Not Available,2.35,Not Available,2.04,Not Available,1.5,Not Available,Not Available,1.32,Not Available
1977 June,0.82,Not Available,Not Available,Not Available,Not Available,Not Available,Not Available,Not Available,Not Available,Not Available,Not Available
1977 July,0.83,Not Available,Not Available,Not Available,Not Available,Not Available,Not Available,Not Available,Not Available,Not Available,Not Available
1977 August,0.82,Not Available,Not Available,Not Available,Not Available,Not Available,Not Available,Not Available,Not Available,Not Available,Not Available
1977 September,0.83,Not Available,Not Available,Not Available,Not Available,Not Available,Not Available,Not Available,Not Available,Not Available,Not Available
1977 October,0.84,Not Available,Not Available,Not Available,Not Available,Not Available,Not Available,Not Available,Not Available,Not Available,Not Available
1977 November,0.83,Not Available,Not Available,Not Available,Not Available,Not Available,Not Available,Not Available,Not Available,Not Available,Not Available
1977 December,0.84,Not Available,Not Available,Not Available,Not Available,Not Available,Not Available,Not Available,Not Available,Not Available,Not Available
1978 January,0.87,Not Available,Not Available,Not Available,Not Available,Not Available,Not Available,Not Available,Not Available,Not Available,Not Available
1978 February,0.88,Not Available,Not Available,Not Available,Not Available,Not Available,Not Available,Not Available,Not Available,Not Available,Not Available
1978 March,0.89,Not Available,Not Available,Not Available,Not Available,Not Available,Not Available,Not Available,Not Available,Not Available,Not Available
1978 April,0.88,Not Available,2.56,Not Available,2.23,Not Available,1.7,Not Available,Not Available,1.48,Not Available
1978 May,0.91,Not Available,2.56,Not Available,2.23,Not Available,1.7,Not Available,Not Available,1.48,Not Available
1978 June,0.91,Not Available,Not Available,Not Available,Not Available,Not Available,Not Available,Not Available,Not Available,Not Available,Not Available
1978 July,0.89,Not Available,Not Available,Not Available,Not Available,Not Available,Not Available,Not Available,Not Available,Not Available,Not Available
1978 August,0.91,Not Available,Not Available,Not Available,Not Available,Not Available,Not Available,Not Available,Not Available,Not Available,Not Available
1978 September,0.92,Not Available,Not Available,Not Available,Not Available,Not Available,Not Available,Not Available,Not Available,Not Available,Not Available
1978 October,0.92,Not Available,Not Available,Not Available,Not Available,Not Available,Not Available,Not Available,Not Available,Not Available,Not Available
1978 November,0.93,Not Available,Not Available,Not Available,Not Available,Not Available,Not Available,Not Available,Not Available,Not Available,Not Available
1978 December,0.96,Not Available,Not Available,Not Available,Not Available,Not Available,Not Available,Not Available,Not Available,Not Available,Not Available
1979 January,1.02,Not Available,Not Available,Not Available,Not Available,Not Available,Not Available,Not Available,Not Available,1.55,Not Available
1979 February,1.05,Not Available,Not Available,Not Available,Not Available,Not Available,Not Available,Not Available,Not Available,1.65,Not Available
1979 March,1.1,Not Available,Not Available,Not Available,Not Available,Not Available,Not Available,Not Available,Not Available,1.69,Not Available
1979 April,1.11,Not Available,2.98,Not Available,2.73,Not Available,1.99,Not Available,Not Available,1.7,Not Available
1979 May,1.15,Not Available,2.98,Not Available,2.73,Not Available,1.99,Not Available,Not Available,1.82,Not Available
1979 June,1.17,Not Available,Not Available,Not Available,Not Available,Not Available,Not Available,Not Available,Not Available,1.84,Not Available
1979 July,1.2,Not Available,Not Available,Not Available,Not Available,Not Available,Not Available,Not Available,Not Available,1.84,Not Available
1979 August,1.24,Not Available,Not Available,Not Available,Not Available,Not Available,Not Available,Not Available,Not Available,1.87,Not Available
1979 September,1.24,Not Available,Not Available,Not Available,Not Available,Not Available,Not Available,Not Available,Not Available,1.89,Not Available
1979 October,1.28,Not Available,Not Available,Not Available,Not Available,Not Available,Not Available,Not Available,Not Available,1.96,Not Available
1979 November,1.29,Not Available,Not Available,Not Available,Not Available,Not Available,Not Available,Not Available,Not Available,1.87,Not Available
1979 December,1.31,Not Available,Not Available,Not Available,Not Available,Not Available,Not Available,Not Available,Not Available,1.9,Not Available
1980 January,1.37,Not Available,Not Available,Not Available,Not Available,Not Available,Not Available,Not Available,Not Available,2,Not Available
1980 February,1.42,Not Available,Not Available,Not Available,Not Available,Not Available,Not Available,Not Available,Not Available,2.1,Not Available
1980 March,1.46,Not Available,Not Available,Not Available,Not Available,Not Available,Not Available,Not Available,Not Available,2.13,Not Available
1980 April,1.51,Not Available,3.68,Not Available,3.39,Not Available,2.56,Not Available,Not Available,2.09,Not Available
1980 May,1.56,Not Available,3.68,Not Available,3.39,Not Available,2.56,Not Available,Not Available,2.17,Not Available
1980 June,1.57,Not Available,Not Available,Not Available,Not Available,Not Available,Not Available,Not Available,Not Available,2.15,Not Available
1980 July,1.64,Not Available,Not Available,Not Available,Not Available,Not Available,Not Available,Not Available,Not Available,2.36,Not Available
1980 August,1.64,Not Available,Not Available,Not Available,Not Available,Not Available,Not Available,Not Available,Not Available,2.45,Not Available
1980 September,1.69,Not Available,Not Available,Not Available,Not Available,Not Available,Not Available,Not Available,Not Available,2.45,Not Available
1980 October,1.71,Not Available,Not Available,Not Available,Not Available,Not Available,Not Available,Not Available,Not Available,2.52,Not Available
1980 November,1.76,Not Available,Not Available,Not Available,Not Available,Not Available,Not Available,Not Available,Not Available,2.37,Not Available
1980 December,1.74,Not Available,Not Available,Not Available,Not Available,Not Available,Not Available,Not Available,Not Available,2.31,Not Available
1981 January,1.77,Not Available,3.94,Not Available,Not Available,Not Available,Not Available,Not Available,Not Available,2.51,Not Available
1981 February,1.81,Not Available,3.99,Not Available,Not Available,Not Available,Not Available,Not Available,Not Available,2.67,Not Available
1981 March,1.86,Not Available,4.06,Not Available,Not Available,Not Available,Not Available,Not Available,Not Available,2.71,Not Available
1981 April,1.93,Not Available,4.11,Not Available,4,Not Available,3.14,Not Available,Not Available,2.81,Not Available
1981 May,1.95,Not Available,4.29,Not Available,4,Not Available,3.14,Not Available,Not Available,2.92,Not Available
1981 June,1.95,Not Available,4.3,Not Available,Not Available,Not Available,Not Available,Not Available,Not Available,2.95,Not Available
1981 July,2.01,Not Available,4.32,Not Available,Not Available,Not Available,Not Available,Not Available,Not Available,2.97,Not Available
1981 August,2.02,Not Available,4.3,Not Available,Not Available,Not Available,Not Available,Not Available,Not Available,2.99,Not Available
1981 September,2.08,Not Available,4.47,Not Available,Not Available,Not Available,Not Available,Not Available,Not Available,2.95,Not Available
1981 October,2.11,Not Available,4.5,Not Available,Not Available,Not Available,Not Available,Not Available,Not Available,3.07,Not Available
1981 November,2.15,Not Available,4.53,Not Available,Not Available,Not Available,Not Available,Not Available,Not Available,3.07,Not Available
1981 December,2.16,Not Available,4.55,Not Available,Not Available,Not Available,Not Available,Not Available,Not Available,2.97,Not Available
1982 January,2.23,Not Available,4.65,Not Available,Not Available,Not Available,Not Available,Not Available,Not Available,3.07,Not Available
1982 February,2.3,Not Available,4.69,Not Available,Not Available,Not Available,Not Available,Not Available,Not Available,3.18,Not Available
1982 March,2.35,Not Available,4.78,Not Available,Not Available,Not Available,Not Available,Not Available,Not Available,3.25,Not Available
1982 April,2.4,Not Available,4.86,Not Available,4.82,Not Available,3.87,Not Available,Not Available,3.32,Not Available
1982 May,2.45,Not Available,5.17,Not Available,4.82,Not Available,3.87,Not Available,Not Available,3.42,Not Available
1982 June,2.45,Not Available,5.2,Not Available,Not Available,Not Available,Not Available,Not Available,Not Available,3.57,Not Available
1982 July,2.47,Not Available,5.23,Not Available,Not Available,Not Available,Not Available,Not Available,Not Available,3.69,Not Available
1982 August,2.53,Not Available,5.23,Not Available,Not Available,Not Available,Not Available,Not Available,Not Available,3.67,Not Available
1982 September,2.56,Not Available,5.41,Not Available,Not Available,Not Available,Not Available,Not Available,Not Available,3.67,Not Available
1982 October,2.6,Not Available,5.66,Not Available,Not Available,Not Available,Not Available,Not Available,Not Available,3.68,Not Available
1982 November,2.62,Not Available,5.68,Not Available,Not Available,Not Available,Not Available,Not Available,Not Available,3.61,Not Available
1982 December,2.62,Not Available,5.74,Not Available,Not Available,Not Available,Not Available,Not Available,Not Available,3.64,Not Available
1983 January,2.66,Not Available,5.86,Not Available,Not Available,Not Available,Not Available,Not Available,Not Available,3.57,Not Available
1983 February,2.66,Not Available,5.87,Not Available,Not Available,Not Available,Not Available,Not Available,Not Available,3.41,Not Available
1983 March,2.58,Not Available,6,Not Available,Not Available,Not Available,Not Available,Not Available,Not Available,3.45,Not Available
1983 April,2.53,Not Available,6.06,Not Available,5.59,Not Available,4.18,Not Available,Not Available,3.35,Not Available
1983 May,2.53,Not Available,6.22,Not Available,5.59,Not Available,4.18,Not Available,Not Available,3.55,Not Available
1983 June,2.59,Not Available,6.2,Not Available,Not Available,Not Available,Not Available,Not Available,Not Available,3.58,Not Available
1983 July,2.52,Not Available,6.21,Not Available,Not Available,Not Available,Not Available,Not Available,Not Available,3.72,Not Available
1983 August,2.58,Not Available,6.18,Not Available,Not Available,Not Available,Not Available,Not Available,Not Available,3.75,Not Available
1983 September,2.67,Not Available,6.19,Not Available,Not Available,Not Available,Not Available,Not Available,Not Available,3.7,Not Available
1983 October,2.58,3.97,6.7,Not Available,5.62,Not Available,Not Available,Not Available,Not Available,3.62,Not Available
1983 November,2.6,3.91,6.3,Not Available,5.67,Not Available,Not Available,Not Available,Not Available,3.54,Not Available
1983 December,2.61,3.88,5.94,Not Available,5.62,Not Available,Not Available,Not Available,Not Available,3.49,Not Available
1984 January,2.67,3.94,5.78,Not Available,5.49,Not Available,4.31,Not Available,Not Available,3.49,Not Available
1984 February,2.71,4.02,5.84,Not Available,5.54,Not Available,4.29,Not Available,Not Available,3.55,Not Available
1984 March,2.67,3.91,5.92,Not Available,5.57,Not Available,4.29,Not Available,Not Available,3.47,Not Available
1984 April,2.64,3.96,5.96,Not Available,5.52,Not Available,4.19,Not Available,Not Available,3.53,Not Available
1984 May,2.67,3.98,6.27,Not Available,5.6,Not Available,4.21,Not Available,Not Available,3.72,Not Available
1984 June,2.7,4.02,6.76,Not Available,5.67,Not Available,4.11,Not Available,Not Available,3.73,Not Available
1984 July,2.68,4.06,7.11,Not Available,5.6,Not Available,4.14,Not Available,Not Available,3.86,Not Available
1984 August,2.69,3.69,7.23,Not Available,5.47,Not Available,4.15,Not Available,Not Available,3.8,Not Available
1984 September,2.62,4.02,7.17,Not Available,5.53,Not Available,4.24,Not Available,Not Available,3.8,Not Available
1984 October,2.63,3.99,6.8,Not Available,5.54,Not Available,4.17,Not Available,Not Available,3.72,Not Available
1984 November,2.61,3.92,6.31,Not Available,5.56,Not Available,4.21,Not Available,Not Available,3.72,Not Available
1984 December,2.57,3.97,6.05,Not Available,5.6,Not Available,4.25,Not Available,Not Available,3.69,Not Available
1985 January,2.64,3.89,5.97,Not Available,5.62,Not Available,4.22,Not Available,Not Available,3.74,Not Available
1985 February,2.71,3.94,5.86,Not Available,5.53,Not Available,4.26,Not Available,Not Available,3.68,Not Available
1985 March,2.62,3.97,5.99,Not Available,5.59,Not Available,4.16,Not Available,Not Available,3.74,Not Available
1985 April,2.64,3.91,6.11,Not Available,5.65,Not Available,4.01,Not Available,Not Available,3.72,Not Available
1985 May,2.53,3.89,6.59,Not Available,5.59,Not Available,3.88,Not Available,Not Available,3.57,Not Available
1985 June,2.58,3.86,6.96,Not Available,5.65,Not Available,3.78,Not Available,Not Available,3.56,Not Available
1985 July,2.51,3.69,7.07,Not Available,5.44,Not Available,3.92,Not Available,Not Available,3.56,Not Available
1985 August,2.47,3.7,7.21,Not Available,5.42,Not Available,3.94,Not Available,Not Available,3.46,Not Available
1985 September,2.42,3.68,7.06,Not Available,5.37,Not Available,3.84,Not Available,Not Available,3.4,Not Available
1985 October,2.37,3.59,6.5,Not Available,5.3,Not Available,3.78,Not Available,Not Available,3.37,Not Available
1985 November,2.36,3.46,6.13,Not Available,5.39,Not Available,3.84,Not Available,Not Available,3.38,Not Available
1985 December,2.28,3.45,5.7,Not Available,5.25,Not Available,3.7,Not Available,Not Available,3.29,Not Available
1986 January,2.28,3.52,5.63,Not Available,5.25,Not Available,3.77,Not Available,Not Available,3.2,Not Available
1986 February,2.26,3.52,5.67,Not Available,5.28,Not Available,3.77,Not Available,Not Available,2.85,Not Available
1986 March,2.16,3.5,5.71,Not Available,5.25,Not Available,3.53,Not Available,Not Available,2.6,Not Available
1986 April,2.1,3.33,5.89,Not Available,5.23,Not Available,3.35,Not Available,Not Available,2.44,Not Available
1986 May,1.96,3.15,6.18,Not Available,5.19,Not Available,3.11,Not Available,Not Available,2.41,Not Available
1986 June,1.85,3.11,6.67,Not Available,5.09,Not Available,3.05,Not Available,Not Available,2.27,Not Available
1986 July,1.8,3.08,6.84,Not Available,5.02,Not Available,2.88,Not Available,Not Available,2.23,Not Available
1986 August,1.77,3.04,6.94,Not Available,4.9,Not Available,2.81,Not Available,Not Available,2.22,Not Available
1986 September,1.78,3.02,6.83,Not Available,4.93,Not Available,2.92,Not Available,Not Available,2.22,Not Available
1986 October,1.73,2.94,6.38,Not Available,4.88,Not Available,2.93,Not Available,Not Available,2.19,Not Available
1986 November,1.77,2.9,5.66,Not Available,4.74,Not Available,3.01,Not Available,Not Available,2.23,Not Available
1986 December,1.76,2.99,5.28,Not Available,4.73,Not Available,3,Not Available,Not Available,2.35,Not Available
1987 January,1.74,2.98,5.3,Not Available,4.8,Not Available,3.11,Not Available,Not Available,2.44,Not Available
1987 February,1.73,3.03,5.34,Not Available,4.79,Not Available,3.3,Not Available,Not Available,2.46,Not Available
1987 March,1.73,2.91,5.36,Not Available,4.8,Not Available,3.16,Not Available,Not Available,2.4,Not Available
1987 April,1.69,2.86,5.46,Not Available,4.9,Not Available,2.99,Not Available,Not Available,2.38,Not Available
1987 May,1.65,2.81,5.98,Not Available,4.88,Not Available,2.81,Not Available,Not Available,2.31,Not Available
1987 June,1.65,2.84,6.55,Not Available,4.87,Not Available,2.76,Not Available,Not Available,2.3,Not Available
1987 July,1.66,2.92,6.78,Not Available,4.78,Not Available,2.81,Not Available,Not Available,2.33,Not Available
1987 August,1.63,2.89,6.84,Not Available,4.77,Not Available,2.74,Not Available,Not Available,2.26,Not Available
1987 September,1.56,2.83,6.64,Not Available,4.6,Not Available,2.75,Not Available,Not Available,2.19,Not Available
1987 October,1.57,2.69,5.85,Not Available,4.62,Not Available,2.77,Not Available,Not Available,2.26,Not Available
1987 November,1.64,2.76,5.42,Not Available,4.66,Not Available,2.89,Not Available,Not Available,2.28,Not Available
1987 December,1.7,2.84,5.13,Not Available,4.67,Not Available,3.01,Not Available,Not Available,2.53,Not Available
1988 January,1.96,2.91,5.08,Not Available,4.6,93.8,3.18,48.8,Not Available,2.6,Not Available
1988 February,1.84,2.95,5.09,Not Available,4.69,93.3,3.22,47.9,Not Available,2.56,Not Available
1988 March,1.7,2.87,5.18,Not Available,4.69,92.5,3.13,43.3,Not Available,2.32,Not Available
1988 April,1.59,2.79,5.35,Not Available,4.71,91.7,2.97,42.7,Not Available,2.2,Not Available
1988 May,1.52,2.75,5.87,Not Available,4.61,89.4,2.76,39.2,Not Available,2.1,Not Available
1988 June,1.53,2.87,6.5,Not Available,4.53,87.5,2.67,37.9,Not Available,2.16,Not Available
1988 July,1.56,2.87,6.74,Not Available,4.48,86.3,2.54,38.8,Not Available,2.23,Not Available
1988 August,1.62,2.92,6.92,Not Available,4.37,87.2,2.66,38.8,Not Available,2.36,Not Available
1988 September,1.53,3.05,6.79,Not Available,4.41,87.6,2.7,41.2,Not Available,2.36,Not Available
1988 October,1.68,2.92,5.95,Not Available,4.53,87.4,2.8,43.3,Not Available,2.4,Not Available
1988 November,1.76,2.98,5.56,Not Available,4.69,88.7,3,42.1,Not Available,2.58,Not Available
1988 December,1.89,3.08,5.39,Not Available,4.78,89.7,3.31,44.4,Not Available,2.57,Not Available
1989 January,1.99,3.17,5.41,Not Available,4.81,91,3.37,41.1,Not Available,2.63,Not Available
1989 February,1.81,3.1,5.38,Not Available,4.8,91.2,3.31,39.9,Not Available,2.44,Not Available
1989 March,1.69,2.89,5.45,Not Available,4.79,90.8,3.1,38.2,Not Available,2.32,Not Available
1989 April,1.56,2.83,5.54,Not Available,4.77,89.2,2.89,36.8,Not Available,2.31,Not Available
1989 May,1.61,2.94,5.93,Not Available,4.64,88.2,2.78,35.9,Not Available,2.39,Not Available
1989 June,1.65,2.98,6.58,Not Available,4.57,86.1,2.67,37,Not Available,2.4,Not Available
1989 July,1.65,3.08,6.92,Not Available,4.65,85.1,2.68,34,Not Available,2.4,Not Available
1989 August,1.61,3.04,7.07,Not Available,4.61,85.1,2.69,32.8,Not Available,2.38,Not Available
1989 September,1.55,2.99,6.8,Not Available,4.67,84.6,2.66,33.8,Not Available,2.33,Not Available
1989 October,1.58,2.84,6.06,Not Available,4.61,85.2,2.74,37.3,Not Available,2.39,Not Available
1989 November,1.66,2.98,5.56,Not Available,4.71,87.7,2.96,35,Not Available,2.56,Not Available
1989 December,1.92,3.1,5.3,Not Available,4.81,90.7,3.31,39.6,Not Available,2.85,Not Available
1990 January,2.23,3.24,5.43,Not Available,4.97,90.8,3.53,43.2,Not Available,3,Not Available
1990 February,1.85,3.1,5.65,Not Available,5.05,88.8,3.41,38.9,Not Available,2.76,Not Available
1990 March,1.55,2.94,5.6,Not Available,4.92,88.3,3.08,36.8,Not Available,2.37,Not Available
1990 April,1.49,2.83,5.64,Not Available,4.82,86.9,2.85,33.8,Not Available,2.28,Not Available
1990 May,1.47,2.81,6,Not Available,4.63,85.5,2.68,32.2,Not Available,2.18,Not Available
1990 June,1.48,3,6.56,Not Available,4.56,83.8,2.58,31.3,Not Available,2.16,Not Available
1990 July,1.49,3.03,7.04,Not Available,4.45,81.8,2.5,33,Not Available,2.21,Not Available
1990 August,1.51,2.91,7.08,Not Available,4.55,81.7,2.52,33.4,Not Available,2.23,Not Available
1990 September,1.56,2.92,6.9,Not Available,4.55,80.3,2.6,32.6,Not Available,2.21,Not Available
1990 October,1.76,2.81,6.14,Not Available,4.66,81.2,2.69,32.8,Not Available,2.45,Not Available
1990 November,1.94,3.14,5.69,Not Available,4.81,84.7,3.02,35.7,Not Available,2.79,Not Available
1990 December,2.04,3.19,5.62,Not Available,4.92,87.9,3.25,37.8,Not Available,2.89,Not Available
1991 January,1.96,3.08,5.54,Not Available,4.94,89.4,3.25,36.8,Not Available,2.7,Not Available
1991 February,1.62,2.94,5.56,Not Available,4.94,88.5,2.97,36.4,Not Available,2.35,Not Available
1991 March,1.49,2.78,5.6,Not Available,4.89,87.8,2.75,36.3,Not Available,2.21,Not Available
1991 April,1.5,2.74,5.9,Not Available,4.87,84,2.68,33.3,Not Available,2.1,Not Available
1991 May,1.48,2.76,6.28,Not Available,4.65,83.2,2.4,32.4,Not Available,2.01,Not Available
1991 June,1.43,2.86,6.97,Not Available,4.8,80,2.34,31.3,Not Available,1.94,Not Available
1991 July,1.34,2.74,7.23,Not Available,4.5,79.3,2.23,29.2,Not Available,1.88,Not Available
1991 August,1.43,2.78,7.36,Not Available,4.73,81.6,2.29,31.9,Not Available,1.96,Not Available
1991 September,1.59,2.91,6.92,Not Available,4.57,78.1,2.4,29.4,Not Available,2.19,Not Available
1991 October,1.82,2.92,6.2,Not Available,4.58,78.7,2.69,29.2,Not Available,2.35,Not Available
1991 November,1.89,2.92,5.51,Not Available,4.71,85.1,2.84,32.8,Not Available,2.43,Not Available
1991 December,2,3.05,5.51,Not Available,4.84,86.1,3.09,32.3,Not Available,2.64,Not Available
1992 January,1.74,2.9,5.53,Not Available,4.85,87.1,3.04,31.8,Not Available,2.49,Not Available
1992 February,1.26,2.7,5.54,Not Available,5.03,85.2,2.78,31.4,Not Available,2.03,Not Available
1992 March,1.35,2.61,5.5,Not Available,4.77,84.7,2.58,29.9,Not Available,1.99,Not Available
1992 April,1.42,2.74,5.62,Not Available,4.77,84,2.54,31.3,Not Available,2.07,Not Available
1992 May,1.51,2.9,6.15,Not Available,4.59,79.3,2.44,29.8,Not Available,2.11,Not Available
1992 June,1.62,3,6.84,Not Available,4.72,79.4,2.53,28,Not Available,2.18,Not Available
1992 July,1.55,3.01,7.27,Not Available,4.64,76,2.54,27.4,Not Available,2.13,Not Available
1992 August,1.84,3.18,7.45,Not Available,4.73,76.1,2.71,28.6,Not Available,2.42,Not Available
1992 September,1.92,3.23,7.15,Not Available,4.69,78,2.82,29.3,Not Available,2.51,Not Available
1992 October,2.38,3.5,6.52,Not Available,4.9,80.9,3.21,31.4,Not Available,3.04,Not Available
1992 November,2.13,3.33,6.02,Not Available,5.12,83.1,3.26,30.8,Not Available,2.87,Not Available
1992 December,2.07,3.17,5.74,Not Available,5.11,85.6,3.38,32.5,Not Available,2.81,Not Available
1993 January,2.03,3.11,5.73,Not Available,5.23,86.6,3.15,32.6,Not Available,2.7,Not Available
1993 February,1.93,2.94,5.73,Not Available,5.14,86.3,3.02,32.9,Not Available,2.54,Not Available
1993 March,2,3.06,5.67,Not Available,5.1,86.4,2.98,32,Not Available,2.61,Not Available
1993 April,2.06,3.24,6.02,Not Available,5.19,84.9,3.04,30.7,Not Available,2.75,Not Available
1993 May,2.18,3.58,6.78,Not Available,5.31,82.2,3.14,29.6,Not Available,2.9,Not Available
1993 June,1.98,3.44,7.37,Not Available,5.4,79,2.86,27.4,Not Available,2.48,Not Available
1993 July,1.99,3.34,7.86,Not Available,5.15,79.2,2.62,28.3,Not Available,2.45,Not Available
1993 August,2.04,3.35,8.13,Not Available,5.34,78,2.76,27.6,Not Available,2.6,Not Available
1993 September,2.09,3.54,7.75,Not Available,5.35,78.3,2.95,27,Not Available,2.69,Not Available
1993 October,2.02,3.15,6.79,Not Available,5.18,79.9,2.77,28.1,Not Available,2.45,Not Available
1993 November,2.03,3.15,6.17,Not Available,5.21,83,3.02,29.8,Not Available,2.59,Not Available
1993 December,2.15,3.27,6.07,Not Available,5.33,85.1,3.28,29.5,Not Available,2.76,Not Available
1994 January,1.93,3.04,5.93,Not Available,5.5,83.7,3.47,27.9,Not Available,2.67,Not Available
1994 February,1.88,3.26,6.04,Not Available,5.58,83.9,3.43,30,Not Available,2.8,Not Available
1994 March,1.93,3.33,6.3,Not Available,5.67,82.8,3.47,28.6,Not Available,2.67,Not Available
1994 April,1.91,3.15,6.6,Not Available,5.6,78.6,3.01,26.7,Not Available,2.44,Not Available
1994 May,2,3.17,6.84,Not Available,5.47,74.5,2.92,25.6,Not Available,2.46,Not Available
1994 June,1.8,3.17,7.66,Not Available,5.37,70.5,2.69,23.3,Not Available,2.25,Not Available
1994 July,1.81,3.12,8.1,Not Available,5.25,68.7,2.77,23.9,Not Available,2.27,Not Available
1994 August,1.83,3.15,8.22,Not Available,5.31,72.6,2.67,23.5,Not Available,2.16,Not Available
1994 September,1.78,2.92,7.84,Not Available,5.36,72.2,2.55,22,Not Available,2,Not Available
1994 October,1.7,2.8,6.86,Not Available,5.11,74.3,2.49,23.7,Not Available,1.95,Not Available
1994 November,1.75,2.84,6.27,Not Available,5.19,77.8,2.86,24.1,Not Available,2.1,Not Available
1994 December,1.88,2.86,6.06,Not Available,5.24,82.1,2.99,25.8,Not Available,2.17,Not Available
1995 January,1.62,2.79,5.85,Not Available,5.23,81.6,2.95,27.3,Not Available,2.13,Not Available
1995 February,1.48,2.71,5.76,Not Available,5.14,81.7,2.85,27.4,Not Available,2,Not Available
1995 March,1.47,2.74,5.84,Not Available,5.12,81.2,2.74,26.5,Not Available,1.92,Not Available
1995 April,1.52,2.72,6.06,Not Available,5.08,77.2,2.57,25.4,Not Available,1.97,Not Available
1995 May,1.55,2.8,6.54,Not Available,5.04,71.8,2.54,23.6,Not Available,2.06,Not Available
1995 June,1.58,2.89,7.49,Not Available,5.16,71.4,2.44,24.5,Not Available,2.06,Not Available
1995 July,1.43,2.89,7.82,Not Available,5.03,67.3,2.34,22.2,Not Available,1.9,Not Available
1995 August,1.43,2.87,8.13,Not Available,4.99,66.6,2.26,21.8,Not Available,1.84,Not Available
1995 September,1.52,2.89,7.73,Not Available,4.98,67.9,2.42,22,Not Available,1.95,Not Available
1995 October,1.54,2.83,6.62,Not Available,4.82,69.7,2.44,22.5,Not Available,2.09,Not Available
1995 November,1.61,2.67,5.61,Not Available,4.77,75.6,2.68,24.7,Not Available,2.22,Not Available
1995 December,1.84,2.83,5.54,Not Available,5,79.2,3.07,25,Not Available,2.58,Not Available
1996 January,2.05,3.14,5.64,Not Available,5.29,83.2,3.61,22,Not Available,2.87,Not Available
1996 February,1.89,3.16,5.82,Not Available,5.25,83.3,3.61,22.7,Not Available,3.07,Not Available
1996 March,1.95,3.17,5.93,Not Available,5.36,81.8,3.52,22.3,Not Available,2.73,Not Available
1996 April,2.08,3.22,6.27,Not Available,5.34,79.5,3.42,20.5,Not Available,2.68,Not Available
1996 May,2.01,3.18,6.84,Not Available,5.4,74.6,3.14,18.7,Not Available,2.52,Not Available
1996 June,2.08,3.41,7.83,Not Available,5.43,70,3.13,16.7,Not Available,2.59,Not Available
1996 July,2.25,3.49,8.64,Not Available,5.46,67.8,3.17,18.6,Not Available,2.69,Not Available
1996 August,2.1,3.46,8.73,Not Available,5.56,66.3,3.05,17.4,Not Available,2.57,Not Available
1996 September,1.85,3.05,7.99,Not Available,5.46,67.1,2.77,16.9,Not Available,2.24,Not Available
1996 October,1.94,2.94,7.05,Not Available,5.33,69.1,2.89,17.2,Not Available,2.37,Not Available
1996 November,2.5,3.46,6.37,Not Available,5.4,75.7,3.57,18.5,Not Available,3.04,Not Available
1996 December,3.26,4.18,6.47,Not Available,5.78,78.1,4.2,20,Not Available,3.98,Not Available
1997 January,3.4,4.28,6.74,Not Available,6.19,78.7,4.6,17.5,Not Available,4.06,Not Available
1997 February,2.49,3.76,6.79,Not Available,6.14,78.3,4.18,17.8,Not Available,2.97,Not Available
1997 March,1.79,3.07,6.52,Not Available,5.73,73.9,3.34,17.9,Not Available,2.29,Not Available
1997 April,1.81,2.92,6.53,Not Available,5.46,71.8,3.1,18,Not Available,2.3,Not Available
1997 May,2,3.11,6.83,Not Available,5.39,65.5,3.04,17.6,Not Available,2.41,Not Available
1997 June,2.08,3.41,8.3,Not Available,5.64,61.6,3.19,17.5,Not Available,2.52,Not Available
1997 July,2,3.44,8.78,Not Available,5.35,59.4,3.11,17.6,Not Available,2.44,Not Available
1997 August,2.08,3.34,8.99,Not Available,5.43,57.9,3,17.7,Not Available,2.53,Not Available
1997 September,2.33,3.5,8.84,Not Available,5.58,59.4,3.32,17.4,Not Available,2.96,Not Available
1997 October,2.68,3.86,7.69,Not Available,5.74,62.8,3.69,17.7,Not Available,3.24,Not Available
1997 November,2.92,4.76,6.86,Not Available,5.86,70.3,4.02,17.6,Not Available,3.41,Not Available
1997 December,2.28,3.42,6.54,Not Available,5.72,72.9,3.74,17.7,Not Available,2.77,Not Available
1998 January,1.96,3.08,6.41,Not Available,5.65,73.2,3.67,16.8,Not Available,2.64,Not Available
1998 February,1.96,3.08,6.41,Not Available,5.59,72.9,3.58,16.7,Not Available,2.51,Not Available
1998 March,2.06,3.06,6.29,Not Available,5.4,73.6,3.4,17.3,Not Available,2.53,Not Available
1998 April,2.16,3.23,6.81,Not Available,5.64,67.7,3.28,15.8,Not Available,2.59,Not Available
1998 May,2.04,3.12,7.7,Not Available,5.73,62.6,3.14,14.9,Not Available,2.47,Not Available
1998 June,1.91,2.98,8.51,Not Available,5.51,62.9,2.97,15.1,Not Available,2.4,Not Available
1998 July,2.09,3.31,8.53,Not Available,5.64,56,3.04,13.1,Not Available,2.5,Not Available
1998 August,1.82,3.01,9.25,Not Available,5.46,53.3,2.75,13.8,Not Available,2.21,Not Available
1998 September,1.7,2.78,8.96,Not Available,5.49,57,2.65,14.2,Not Available,2.15,Not Available
1998 October,1.86,2.99,7.6,Not Available,5.31,59.2,2.75,14.8,Not Available,2.22,Not Available
1998 November,1.94,2.99,6.58,Not Available,5.22,64.5,2.95,15.7,Not Available,2.37,Not Available
1998 December,1.95,3.1,6.34,Not Available,5.23,68.3,2.92,17.2,Not Available,2.22,Not Available
1999 January,1.85,2.85,6,Not Available,5.19,73.1,3.29,16.9,Not Available,2.32,Not Available
1999 February,1.77,2.92,6.29,Not Available,5.28,69.7,2.92,16.8,Not Available,2.26,Not Available
1999 March,1.7,2.77,6.06,Not Available,4.97,69.2,2.96,17.4,Not Available,2.15,Not Available
1999 April,1.9,2.88,6.44,Not Available,5.31,65.3,3,16.6,Not Available,2.29,Not Available
1999 May,2.17,3.25,7.3,Not Available,5.34,61,2.86,16,Not Available,2.57,Not Available
1999 June,2.14,3.12,8.2,Not Available,5.29,61,2.82,15.8,Not Available,2.53,Not Available
1999 July,2.2,3.11,8.83,Not Available,5.43,58.2,2.86,15.7,Not Available,2.58,Not Available
1999 August,2.51,3.39,9.14,Not Available,5.45,56.5,2.98,18.9,Not Available,2.86,Not Available
1999 September,2.62,3.59,8.63,Not Available,5.55,60,3.4,17.6,Not Available,2.98,Not Available
1999 October,2.52,3.21,7.56,Not Available,5.46,61.6,3.2,17.5,Not Available,2.83,Not Available
1999 November,2.68,3.71,7.15,Not Available,5.72,63,3.51,17.7,Not Available,3.01,Not Available
1999 December,2.24,3.19,6.51,Not Available,5.57,67.9,3.16,21.2,Not Available,2.68,Not Available
2000 January,2.6,3.27,6.37,Not Available,5.77,67.2,3.41,18.7,Not Available,2.74,Not Available
2000 February,2.73,3.48,6.54,Not Available,5.95,68.2,3.68,19.4,Not Available,2.96,Not Available
2000 March,2.66,3.54,6.91,Not Available,5.78,63.6,3.54,18.2,Not Available,3,Not Available
2000 April,2.86,3.72,7.19,Not Available,6.03,62.3,3.59,18,Not Available,3.23,Not Available
2000 May,3.04,4.15,8.26,Not Available,5.97,60.9,3.67,17,Not Available,3.63,Not Available
2000 June,3.77,5.19,9.5,Not Available,6.49,58,4.24,18.1,Not Available,4.45,Not Available
2000 July,3.84,5.2,10.32,Not Available,6.55,57,4.55,17.6,Not Available,4.35,Not Available
2000 August,3.73,4.63,10.37,Not Available,6.08,59.2,4.33,17.1,Not Available,4.27,Not Available
2000 September,4.26,5.21,10.1,Not Available,6.92,57.5,4.88,16.5,Not Available,4.85,Not Available
2000 October,4.58,5.66,9.44,Not Available,7.48,59.8,5.45,16.6,Not Available,5.17,Not Available
2000 November,4.4,5.2,8.58,Not Available,7.57,63.9,5.39,19.8,Not Available,5.37,Not Available
2000 December,5.77,6.64,8.56,Not Available,8.2,68.3,6.67,20.4,Not Available,8.23,Not Available
2001 January,6.82,8.91,10.12,Not Available,9.5,72.9,8.84,23.5,Not Available,9.55,Not Available
2001 February,5.08,7.08,10.26,Not Available,9.8,71.8,7.21,23.2,Not Available,7.18,Not Available
2001 March,4.37,6.1,9.85,Not Available,9.14,69.2,6.3,22,Not Available,5.91,Not Available
2001 April,4.52,6.3,10.16,Not Available,9.01,66.5,6.08,21,Not Available,5.82,Not Available
2001 May,4.36,5.77,11.14,Not Available,9.19,61,5.46,19.5,Not Available,5.29,Not Available
2001 June,3.79,5.38,11.58,Not Available,8.5,59.6,4.75,19.2,Not Available,4.37,Not Available
2001 July,3.35,4.03,11.22,Not Available,7.9,54.6,4.1,20.2,Not Available,3.85,Not Available
2001 August,3.33,4.32,10.89,Not Available,7.61,53.9,3.99,19.6,Not Available,3.65,Not Available
2001 September,2.93,3.66,10.17,Not Available,6.96,54,3.5,19.8,Not Available,3.03,Not Available
2001 October,2.78,3.37,8.24,Not Available,6.39,60.1,3.18,20.3,Not Available,2.78,Not Available
2001 November,3.41,4.02,7.98,Not Available,6.79,65,3.88,20.2,Not Available,3.33,Not Available
2001 December,3.42,3.9,7.3,Not Available,6.35,68.1,3.69,20.7,Not Available,3.15,Not Available
2002 January,2.5,3.79,7.38,98.3,6.51,79.8,4.05,20.3,Not Available,3.1,79.7
2002 February,2.19,3.76,7.23,98.5,6.4,80.7,3.7,20.5,Not Available,2.86,86.2
2002 March,2.4,3.84,7.1,98.4,6.28,81.5,3.78,20.2,Not Available,3.37,84.7
2002 April,2.94,4.21,7.66,98.1,6.56,76.8,3.64,26.3,Not Available,3.8,84
2002 May,2.94,4.07,8.54,97.6,6.68,73,4.07,23.9,Not Available,3.78,84.4
2002 June,2.96,4.15,9.58,97.9,6.8,73.2,3.86,25.5,Not Available,3.61,82.6
2002 July,2.92,3.95,10.31,97.5,6.62,71.2,3.8,24,Not Available,3.49,80.3
2002 August,2.76,3.67,10.44,98,6.45,71.6,3.62,22.5,Not Available,3.42,82.8
2002 September,2.97,3.99,10.23,97.5,6.54,69.5,3.89,22.5,Not Available,3.71,84.2
2002 October,3.24,4.32,8.61,96.7,6.64,73.2,4.18,21.7,Not Available,4.19,85.5
2002 November,3.59,4.65,7.99,97.2,6.89,78.7,4.72,21.8,Not Available,4.35,86.7
2002 December,3.96,4.74,7.87,97.5,7.16,79.6,4.92,23.1,Not Available,4.72,91.8
2003 January,4.43,5.28,8.18,97.3,7.48,79.9,5.65,21.4,Not Available,5.33,89.4
2003 February,5.05,5.83,8.58,97.6,7.98,80.7,6.4,22.1,Not Available,6.47,89.7
2003 March,6.96,7.63,9.77,97.4,9.2,80.8,8.27,21.3,Not Available,7.05,90.9
2003 April,4.47,5.6,10.18,97.6,8.97,77.9,5.96,20.9,Not Available,5.38,90.7
2003 May,4.77,5.69,10.79,97.6,8.71,74.2,5.78,20.3,Not Available,5.7,94.2
2003 June,5.41,6.4,12.08,97.9,9,74.7,6.59,19.1,Not Available,6.08,91.8
2003 July,5.08,5.83,12.75,97.7,8.73,72.4,5.69,24.7,Not Available,5.45,92.4
2003 August,4.46,5.48,12.84,97.8,8.4,74.5,5.28,22.9,Not Available,5.23,90.2
2003 September,4.59,5.58,12.31,97.6,8.41,73.5,5.32,22.9,Not Available,5.12,91.3
2003 October,4.32,5.33,10.64,96.9,8.28,74.6,4.93,23.3,Not Available,4.98,90.9
2003 November,4.26,5.54,9.77,97.3,8.36,78,5.19,22.7,Not Available,4.85,91.3
2003 December,4.76,5.89,9.51,97.5,8.62,80.5,5.9,23.5,Not Available,5.69,91.5
2004 January,5.21,6.41,9.71,97.6,9.06,81.6,6.72,23.1,Not Available,6.37,90.1
2004 February,5.02,6.35,9.85,97.9,9.1,81.7,6.52,23.6,Not Available,5.76,88.7
2004 March,5.12,6.23,10.03,97.6,9.05,79.2,5.97,22.8,Not Available,5.5,91.4
2004 April,5.03,6.31,10.54,97.9,9.02,77.7,6.06,23.3,Not Available,5.74,92.5
2004 May,5.4,6.48,11.63,97.4,9.23,73.8,6.34,23.4,Not Available,6.3,89.5
2004 June,5.82,6.94,13.08,98.1,9.71,72.2,6.82,25,Not Available,6.52,89.4
2004 July,5.62,6.68,13.54,98.1,9.65,71.7,6.41,24.9,Not Available,6.24,90.3
2004 August,5.52,6.51,13.74,98,9.66,71,6.36,24,Not Available,5.97,89.7
2004 September,5.06,6.06,13.31,97.8,9.26,71.4,5.68,22.8,Not Available,5.39,89.2
2004 October,5.43,6.3,11.69,97.7,9.17,73.3,6.03,22.6,Not Available,6.05,90.4
2004 November,6.21,7.5,11.44,97.6,10.21,78,7.64,23.5,Not Available,6.71,87.9
2004 December,6.01,7.49,11.09,97.8,10.42,80.3,7.54,24.5,Not Available,6.88,88
2005 January,5.8,7.05,10.9,98.1,10.02,84.8,7.06,24.8,Not Available,6.72,93
2005 February,5.73,7.09,10.87,98.3,9.83,85,7.15,24.3,Not Available,6.42,93.4
2005 March,5.95,7.24,10.84,98.2,9.91,84.4,7.12,24.6,Not Available,6.84,92.8
2005 April,6.57,7.79,11.88,98.3,10.25,82.5,7.71,23.9,Not Available,7.27,92.8
2005 May,6.25,7.51,12.74,98.1,10.35,79.4,7.19,24.2,Not Available,6.83,93.5
2005 June,6.09,7.3,13.79,98.2,10.22,78.2,6.91,23.7,Not Available,7.08,90.8
2005 July,6.71,7.68,14.86,98.5,10.58,75.6,7.4,24.5,Not Available,7.57,89.7
2005 August,6.48,8.2,15.51,98.4,11.01,76.2,7.98,24.6,Not Available,8.67,89.1
2005 September,8.95,10.26,16.56,98.1,12.59,74.8,10.18,23.2,Not Available,10.99,90
2005 October,10.33,12.16,16.44,97.8,14.29,78.9,12.06,23.2,Not Available,11.84,92.1
2005 November,9.89,11.57,15.64,97.6,14.76,81.3,12.11,23.4,Not Available,9.87,93.7
2005 December,9.08,10.77,14.6,98.1,14.01,84,11.17,23.7,Not Available,11.26,90
2006 January,8.01,10.8,14.92,98.3,14.16,84,10.85,23.7,Not Available,9.15,93.9
2006 February,6.85,9.34,13.98,98.1,12.95,84.2,9.38,23.7,Not Available,8,95.5
2006 March,6.43,8.81,13.17,98.2,12.07,84,8.24,23.8,Not Available,7.36,94.7
2006 April,6.37,8.29,13.27,98.1,11.57,80.9,7.93,23.5,Not Available,7.32,94.7
2006 May,6.23,7.99,14.41,98,11.61,78.5,7.63,23.8,Not Available,6.89,93
2006 June,5.77,7.39,15.07,98.2,11.09,75.8,6.92,23.3,Not Available,6.69,93.8
2006 July,5.91,7.4,15.72,98.3,10.98,74.4,6.78,23.6,Not Available,6.69,92.9
2006 August,6.55,8.1,16.18,98.2,11.2,72.5,7.36,23.7,Not Available,7.56,91.9
2006 September,6.06,7.68,15.71,98.1,11.16,74.6,7.21,22,Not Available,6.27,93.6
2006 October,5.09,6.42,12.51,97.6,10.05,77.3,5.62,22.9,Not Available,5.76,92
2006 November,6.71,8.47,12.45,97.8,11.05,80.3,7.74,23,Not Available,7.48,93.9
2006 December,6.76,8.66,12.53,98,11.61,82.6,8.23,23.4,Not Available,7.57,93.7
2007 January,5.7,7.88,12.17,98.2,11.18,83.2,7.36,22.7,Not Available,7.08,93
2007 February,6.8,8.57,12.13,98.1,11.22,84,8.25,23,Not Available,8.18,92.3
2007 March,6.65,8.79,12.81,98.1,11.79,83.5,8.42,22.4,Not Available,7.64,93.8
2007 April,6.26,8.2,13.31,98,11.5,81.2,8.14,22.3,Not Available,7.77,94.2
2007 May,6.75,8.41,14.69,98.1,11.51,77.9,8.11,23.2,Not Available,7.96,93.2
2007 June,6.62,8.45,16.28,98.3,11.81,76.2,7.92,23.8,Not Available,7.8,93
2007 July,6.21,8.02,16.71,98.3,11.63,74.3,7.51,22.1,Not Available,7.03,91.7
2007 August,5.76,7.6,16.71,98.2,11.19,72.5,6.72,22.3,Not Available,6.83,89
2007 September,5.3,7,16.03,98.1,10.92,72.3,6.28,21.2,Not Available,6.33,92
2007 October,5.78,7.43,14.57,97.8,10.93,74.7,7.06,21.3,Not Available,7,91.8
2007 November,6.46,8.14,13.04,97.7,11.23,79.6,7.87,20.8,Not Available,7.28,93.1
2007 December,6.87,8.27,12.34,98,11.24,82.3,8.18,21.4,Not Available,7.93,92.9
2008 January,7.38,8.37,12.24,97.8,11.2,82.6,8.29,20.5,Not Available,8.52,100.7
2008 February,8.02,8.91,12.58,97.6,11.49,82.3,8.96,20.5,Not Available,8.87,101.4
2008 March,8.63,9.49,13.13,97.6,12.03,82.3,9.61,21.4,Not Available,9.53,101.4
2008 April,8.87,9.84,14.49,97.4,12.63,79.7,10.03,21.9,Not Available,10.19,101.9
2008 May,9.96,11.05,16.33,97.3,13.51,76.6,11.35,21.3,Not Available,10.97,101.5
2008 June,10.36,11.85,18.91,97.1,14.68,76.3,12.11,20.8,Not Available,12.41,100.9
2008 July,10.79,12.48,20.77,97.1,15.64,73.4,13.06,20.7,Not Available,11.71,100.3
2008 August,8.21,10.2,20.17,97,14.19,72.2,10.1,20.4,Not Available,8.97,100.8
2008 September,6.71,8.99,18.41,97,13.12,72.5,9.13,19.1,Not Available,7.81,101.1
2008 October,5.64,7.8,15.45,96.9,12.06,75.3,8.1,18.9,Not Available,6.74,101.5
2008 November,5.23,7.93,13.8,97.3,11.72,79.4,7.34,19.6,Not Available,6.64,101.3
2008 December,5.94,8.16,12.84,97.5,11.61,81.9,7.86,19.8,Not Available,6.9,101.1
2009 January,4.6,7.97,12.49,97.6,11.28,82.4,7.5,20.1,Not Available,6.62,100.9
2009 February,3.7,7.26,12.26,97.7,10.98,81.1,6.43,19.9,Not Available,5.62,101.1
2009 March,3.38,6.85,11.98,97.4,10.46,80.8,5.69,19.4,Not Available,4.92,101.8
2009 April,3.18,5.71,11.68,97.2,9.7,77.7,5.05,18.6,Not Available,4.7,101.6
2009 May,3.23,5.49,12.86,97.2,9.42,74.4,4.4,19,Not Available,4.7,101.5
2009 June,3.38,5.55,14.26,96.8,9.53,73.3,4.56,18.7,Not Available,4.62,101
2009 July,3.45,5.7,15.27,96.9,9.74,70.5,4.68,18.6,Not Available,4.47,100.8
2009 August,3.37,5.61,15.61,96.9,9.52,68.5,4.38,18.3,Not Available,4.3,100.7
2009 September,2.98,5.37,14.8,96.6,9.35,69.3,3.89,18,Not Available,4.02,100.6
2009 October,3.83,5.65,11.78,96.8,8.93,73.3,4.82,17.9,Not Available,5.04,102.4
2009 November,4.2,6.34,11.48,97.2,9.45,75.8,5.44,17.8,Not Available,5.06,101
2009 December,4.66,6.22,10.42,97.6,9.1,80.1,5.97,18.9,Not Available,6.24,100.7
2010 January,5.69,6.84,10.56,97.7,9.65,81.2,6.93,18.3,Not Available,6.98,101
2010 February,5.3,6.64,10.69,97.8,9.71,81.7,6.76,17.8,Not Available,6.27,100.5
2010 March,4.7,6.5,10.99,97.6,9.7,79.7,6.01,17.6,Not Available,5.47,101
2010 April,4.1,5.88,11.97,96.2,9.57,75.7,5.12,17,Not Available,4.91,100.9
2010 May,4.24,5.81,13.12,97.1,9.5,73,5.08,17.1,Not Available,4.96,100.9
2010 June,4.27,6.02,14.86,96.9,9.72,71.9,5.04,17.3,Not Available,5.31,100.6
2010 July,4.44,6.31,16.21,96.8,10.04,70.6,5.49,17.5,Not Available,5.34,100.6
2010 August,4.38,6.22,16.65,96.5,9.94,69.8,5.37,17,Not Available,5.06,100.5
2010 September,3.83,5.72,15.63,96.7,9.56,68.5,4.61,16.7,Not Available,4.61,100.7
2010 October,4.05,5.7,13.37,96.8,9.27,71.8,4.73,16.1,Not Available,4.45,101.3
2010 November,4.12,5.48,10.89,97.4,8.86,77.7,4.6,16.9,Not Available,4.55,101
2010 December,4.68,5.74,9.98,97.7,8.82,80.2,5.5,17.1,Not Available,5.68,101.3
2011 January,4.37,5.69,9.9,96.5,8.74,72.8,5.66,16.8,Not Available,5.66,101.7
2011 February,4.34,5.75,10.14,96.5,8.88,72,5.77,16.6,Not Available,5.29,101.8
2011 March,3.95,5.73,10.43,96.2,8.89,69.6,5.21,16.6,Not Available,4.84,101
2011 April,4.05,5.62,11.27,96,9.02,66.5,5.34,16,Not Available,5.03,101.6
2011 May,4.12,5.8,12.5,96.2,9.35,63.9,5.21,16.3,Not Available,5.04,101.3
2011 June,4.2,6.12,14.7,96.3,9.57,61.7,5.21,15.9,Not Available,5.2,101.1
2011 July,4.27,6.16,16.14,96.3,9.58,60.1,5.05,16.5,Not Available,5.13,100.5
2011 August,4.2,6.19,16.67,95.7,9.77,58.1,5.21,16,Not Available,4.85,101
2011 September,3.82,5.94,15.63,95.6,9.46,57.8,4.84,15.8,Not Available,4.71,101.4
2011 October,3.62,5.45,12.85,95.7,8.94,61.4,4.71,15.9,Not Available,4.49,101.5
2011 November,3.35,5.29,10.78,95.2,8.62,66.1,4.64,16.2,Not Available,4.26,101.1
2011 December,3.14,5.03,9.83,96.4,8.3,69.1,4.59,16.6,Not Available,4.18,101.4
2012 January,2.89,4.85,9.62,96.3,8.04,71.5,4.58,16.1,Not Available,3.82,95
2012 February,2.46,4.73,9.47,96.2,7.76,70.1,4.19,16.2,Not Available,3.46,95.3
2012 March,2.25,4.84,10.41,96.2,8.16,68.1,3.71,16,Not Available,3.09,95.2
2012 April,1.89,4.19,10.94,95.5,8.04,62.8,3.21,15.5,Not Available,2.81,96.4
2012 May,1.94,4.3,12.61,95.4,8.14,59.2,3.02,15.6,Not Available,3.05,96
2012 June,2.54,4.63,14.18,95.5,8.44,59.1,3.34,15.6,Not Available,3.21,95.8
2012 July,2.59,4.88,15.13,95.5,8.52,57.9,3.6,16.1,Not Available,3.54,95.8
2012 August,2.86,5.13,15.82,94.9,8.71,55.9,3.83,16.6,Not Available,3.61,95.2
2012 September,2.71,4.76,14.72,95,8.35,56.4,3.56,16.5,Not Available,3.54,96
2012 October,3.03,4.65,11.68,95.1,8.07,59.9,3.94,16.3,Not Available,4,95.9
2012 November,3.35,4.79,9.99,95.3,7.99,65.3,4.46,16.9,Not Available,4.43,94.3
2012 December,3.35,4.79,9.8,95.7,8.18,67.6,4.73,17,Not Available,4.35,94.4
2013 January,Not Available,4.52,9.15,96.1,7.75,70.2,4.58,17,Not Available,4.56,95
2013 February,Not Available,4.56,9.23,95.7,7.78,69.7,4.54,17,Not Available,4.59,94.1
2013 March,Not Available,4.75,9.35,95.6,7.77,68.8,4.59,16.8,Not Available,4.5,94.7
2013 April,Not Available,5.16,10.43,95.3,8.15,66.1,4.95,16.8,Not Available,4.84,95.2
2013 May,Not Available,5.55,12.61,95.6,8.71,62.6,5,16.2,Not Available,4.79,95.5
2013 June,Not Available,5.74,15.02,95.5,9.07,58.4,4.9,16,Not Available,4.56,95
2013 July,Not Available,5.51,16.3,95.6,9.04,56.7,4.47,15.8,Not Available,4.34,94.6
2013 August,Not Available,5.24,16.43,95.6,9.04,56.2,4.31,15.9,Not Available,4.03,94.9
2013 September,Not Available,5.21,15.69,95.6,8.8,56.6,4.36,16.3,Not Available,4.22,95.2
2013 October,Not Available,4.88,12.38,95.7,8.28,60.5,4.36,16.6,Not Available,4.26,95.1
2013 November,Not Available,4.78,10.04,95.8,7.94,65.7,4.62,16.9,Not Available,4.36,94.6
2013 December,Not Available,4.93,9.14,95.8,7.81,69.2,4.97,17.2,Not Available,5.11,94.3
2014 January,Not Available,5.56,9.26,95.7,8.11,70.7,5.69,15.5,Not Available,7.46,94.5
2014 February,Not Available,6.41,9.77,95.5,8.69,70.6,6.63,16.1,Not Available,7.8,93.6
2014 March,Not Available,6.57,10.7,95.4,9.35,69.4,6.47,15.8,Not Available,6.29,94.1
2014 April,Not Available,5.64,11.76,95.3,9.49,65.1,5.85,14.9,Not Available,5.25,95
2014 May,Not Available,5.9,13.6,95.4,9.7,60.5,5.74,14.8,Not Available,5.09,94.7
2014 June,Not Available,6.05,16.13,95.5,9.94,58.1,5.46,14.5,Not Available,4.99,94.4
2014 July,Not Available,5.99,17.23,95.5,10.06,55.7,5.43,14.7,Not Available,4.58,94.7
2014 August,Not Available,5.49,17.41,95.6,9.67,55.2,4.96,14.3,Not Available,4.25,95.1
2014 September,Not Available,5.51,16.27,95.6,9.39,55.7,5.02,13.9,Not Available,4.34,94.8
2014 October,Not Available,5.16,13.11,95.3,8.97,58.8,5.03,13.7,Not Available,4.23,94.6
2014 November,Not Available,4.91,10.19,95.8,8.29,66,5.02,14.7,Not Available,4.68,94.7
2014 December,Not Available,5.15,10.01,95.6,8.53,68.4,5.62,15,Not Available,4.5,94.8
2015 January,Not Available,4.48,9.5,95.7,8.15,70.8,4.9,14.8,Not Available,4.31,93.6
2015 February,Not Available,4.57,9.08,95.6,7.81,71,4.74,15.2,Not Available,5.02,93.7
2015 March,Not Available,4.35,9.28,95.4,7.85,69.9,4.46,15.4,Not Available,3.71,94.4
2015 April,Not Available,3.93,10.43,95.4,8.03,64.8,3.96,14.6,Not Available,3.24,95.6
2015 May,Not Available,4.25,12.73,95.4,8.13,61.2,3.58,15.1,Not Available,3.28,95.5
2015 June,Not Available,4.44,15.07,95.5,8.52,57.9,3.76,14.6,Not Available,3.25,94.9
2015 July,Not Available,4.65,16.28,95.7,8.49,56.9,3.74,14.6,Not Available,3.23,94.9
2015 August,Not Available,4.59,16.88,95.4,8.46,55.6,3.79,14.3,Not Available,3.23,94.7
2015 September,Not Available,4.56,16.4,95.8,8.43,55.8,3.65,14.5,Not Available,3.2,94.4
2015 October,Not Available,4,12.6,95.5,7.79,59.5,3.54,14.7,Not Available,3.04,94.6
2015 November,Not Available,3.69,10.02,96,7.39,63.8,3.28,14.8,Not Available,2.78,94.8
2015 December,Not Available,3.75,9.27,96,7.23,67.6,3.48,14.9,Not Available,2.72,94.2
2016 January,Not Available,3.39,8.28,96,6.75,70.4,3.62,15.4,Not Available,3.18,95.1
2016 February,Not Available,3.48,8.36,95.8,6.86,69.4,3.58,15.8,Not Available,2.83,95.2
2016 March,Not Available,3.49,9.19,95.6,7.08,66.7,3.02,15.5,Not Available,2.33,95.7
2016 April,Not Available,3.22,9.65,95.6,6.98,65,3,14.6,Not Available,2.52,95.9
2016 May,Not Available,3.44,11.62,95.4,7.32,60.2,2.9,14.7,Not Available,2.49,96
2016 June,Not Available,3.84,14.43,95.7,7.72,58,2.89,14.7,Not Available,2.77,95.7
2016 July,Not Available,4.42,16.56,95.9,8.14,56.9,3.57,14.3,Not Available,3.07,95.4
2016 August,Not Available,4.33,17.6,95.8,8.3,54.7,3.59,14.7,Not Available,3.07,95.6
2016 September,Not Available,4.6,16.78,96,8.28,56.2,3.74,14.6,Not Available,3.18,95.7
2016 October,Not Available,4.19,13.74,95.9,7.96,59.9,3.87,14.5,Not Available,3.23,95.4
2016 November,Not Available,3.9,10.77,96,7.67,63.5,3.86,14.6,Not Available,3.14,95.5
2016 December,Not Available,3.96,9.06,96,7.27,68.2,4.27,15,Not Available,4.15,95.4
2017 January,Not Available,4.21,9.32,95.9,7.58,70.5,4.85,15.2,Not Available,4.31,94.6
2017 February,Not Available,4.13,10.01,95.8,7.89,69,4.53,15.2,Not Available,3.72,95.5
2017 March,Not Available,3.84,9.86,95.7,7.68,67.7,3.92,15.1,Not Available,3.51,95.6
2017 April,Not Available,4.2,11.34,95.7,8.04,65,4.11,14.7,Not Available,3.5,96
2017 May,Not Available,4.42,13.25,95.5,8.31,60.8,4.02,14.2,Not Available,3.61,96.8
2017 June,Not Available,4.82,16.06,95.6,8.75,58.2,4.05,14.8,Not Available,3.4,96
2017 July,Not Available,4.73,17.86,95.8,8.81,57.2,3.92,14.8,Not Available,3.32,95.2
2017 August,Not Available,4.61,18.22,95.6,8.76,55.9,3.78,14.4,Not Available,3.24,95.6
2017 September,Not Available,4.52,16.92,96.1,8.52,56.2,3.83,13.9,Not Available,3.27,95.2
2017 October,Not Available,4.03,13.39,96.4,7.97,61.5,3.78,14.4,Not Available,3.24,95.2
2017 November,Not Available,3.97,10.14,96.1,7.51,65.8,3.84,14.8,Not Available,3.5,94.9
2017 December,Not Available,4,9.29,96.5,7.42,69.1,4.19,15.2,Not Available,3.81,94.8
2018 January,Not Available,4.36,8.9,96.1,7.4,71.5,4.46,15.2,Not Available,5.38,94.4
2018 February,Not Available,3.99,9.63,96,7.74,69.3,4.85,14.8,Not Available,3.75,94.4
2018 March,Not Available,3.69,9.76,95.9,7.71,68.6,4,15.3,Not Available,3.32,95.1
2018 April,Not Available,3.65,10.05,95.6,7.65,65.4,3.89,15,Not Available,3.26,95.9
2018 May,Not Available,4.14,13.52,94.8,8.34,60,3.8,14.1,Not Available,3.16,94.8
2018 June,Not Available,4.49,16.47,95.7,8.58,57.7,3.77,14.1,Not Available,3.23,96.3
2018 July,Not Available,4.5,17.85,95.8,8.84,56.4,3.75,13.9,Not Available,3.35,95.2
2018 August,Not Available,5.25,18.56,95.6,8.69,55.1,3.67,14.2,Not Available,3.39,95.8
2018 September,Not Available,4.72,17.23,96.2,8.57,56.9,3.75,14,Not Available,3.23,96.2
2018 October,Not Available,4.1,12.22,96.5,7.69,61.3,4.03,14.3,Not Available,3.52,96.4
2018 November,Not Available,4.28,9.42,96.4,7.34,66.6,4.51,14.5,Not Available,4.34,94.6
2018 December,Not Available,4.72,9.62,96.2,7.7,69,5.47,14.5,Not Available,4.89,95.6
2019 January,Not Available,4.03,9.36,96.4,7.67,70.1,5.02,13.7,Not Available,4.16,96.4
2019 February,Not Available,3.91,9.4,96.1,7.54,69.3,4.62,14.1,Not Available,3.78,95.5
2019 March,Not Available,4.07,9.42,96,7.4,69.1,4.31,13.7,Not Available,3.6,95.7
2019 April,Not Available,3.72,10.85,95.6,7.72,64.1,3.99,13,Not Available,2.99,96.2
2019 May,Not Available,3.66,12.76,95.7,8.06,60.6,3.64,12.7,Not Available,2.85,97.9
2019 June,Not Available,4.17,15.6,95.6,8.29,58.1,3.55,12.4,Not Available,2.66,97.1
2019 July,Not Available,4.17,17.74,95.9,8.47,56,3.33,13,Not Available,2.63,96.6
2019 August,Not Available,4.15,18.37,96.1,8.41,55.6,3.18,12.4,Not Available,2.5,96.5
2019 September,Not Available,4.07,17.61,96.2,8.34,56.2,3.35,12.2,Not Available,2.68,96.8
2019 October,Not Available,3.42,12.5,96.8,7.63,60.3,3.43,12,Not Available,2.58,96.5
2019 November,Not Available,3.46,9.33,96.6,6.98,66.7,3.86,12.7,Not Available,3.08,96.3
2019 December,Not Available,3.5,9.3,96.4,7.19,68.8,3.84,13,Not Available,3.04,96.4
2020 January,Not Available,3.26,9.43,96.4,7.24,69.4,3.7,13.2,Not Available,2.74,95
2020 February,Not Available,3.09,9.19,96.3,7.03,68.9,3.58,13.3,Not Available,2.5,96.2
2020 March,Not Available,3.25,9.8,96,7.29,66.5,3.38,13.1,Not Available,2.23,96
2020 April,Not Available,3.05,10.42,95.9,7.24,63.7,2.99,12.9,Not Available,2.2,96.1
2020 May,Not Available,3.31,11.79,95.7,7.73,58.9,2.9,13.2,Not Available,2.26,96.4
2020 June,Not Available,3.81,15.33,95.9,8.24,56.4,2.71,13,Not Available,2.1,96.7
2020 July,Not Available,3.92,17.49,96.3,8.49,55.8,2.57,12.9,Not Available,2.14,96.4
2020 August,Not Available,4.09,18.27,95.9,8.48,54.3,2.84,12.8,Not Available,2.5,96.2
2020 September,Not Available,4.07,16.85,96.6,8.45,54.9,3.29,13.2,Not Available,2.49,96.4
2020 October,Not Available,3.5,12.26,96.6,7.59,60.6,3.28,13,Not Available,2.58,96.3
2020 November,Not Available,3.81,10.99,96.8,7.64,65.4,3.98,13.2,Not Available,3.09,96.7
2020 December,Not Available,3.57,9.75,96.8,7.39,69.6,4.1,13.8,Not Available,3.3,96
2021 January,Not Available,3.46,9.68,96.7,7.41,70.3,4.07,13.4,Not Available,3.33,90.7
2021 February,Not Available,12.45,9.31,96.7,7.35,70.2,9.33,12.7,Not Available,16.29,88.4
2021 March,Not Available,4.04,10.51,96.4,7.99,67.9,4.4,13.8,Not Available,3.4,89
2021 April,Not Available,3.84,12.25,96.3,8.4,64.9,4,13.5,Not Available,3.14,88.7
2021 May,Not Available,4.34,14.13,96.1,8.96,60.3,4.12,13.3,Not Available,3.35,89.4
2021 June,Not Available,4.88,17.73,96.1,9.58,57.1,4.15,13,Not Available,3.57,88.1
2021 July,Not Available,5.6,19.94,96.6,9.88,55.4,4.73,12.9,Not Available,4.12,86.7
2021 August,Not Available,5.67,20.98,96.5,10.19,54.7,5.01,13,Not Available,4.45,86.3
2021 September,Not Available,6.25,20.25,96.6,10.28,56.4,5.57,13.7,Not Available,5.09,87.9
2021 October,Not Available,6.41,17.5,97.1,10.45,59.5,6.84,13.4,Not Available,5.75,87.8
2021 November,Not Available,6.03,13.29,97,10.11,65.5,7.03,13.7,Not Available,5.89,87.2
2021 December,Not Available,5.81,13.13,96.7,10.33,68.3,6.74,14,Not Available,5.15,88.7
